[{"id":"user-image-ChatGPTImageApr7202512_59_37PM.png","fileName":"ChatGPTImageApr7202512_59_37PM.png","name":"ChatGPTImageApr7202512_59_37PM","publicUrl":"https://assets.nicepagecdn.com/9e1438a0/6487668/images/ChatGPTImageApr7202512_59_37PM.png","size":2038817,"hash":"H9isfVyUpEq0o/SbHoXoZYscnLY=","width":1024,"height":1024,"folderId":null,"thumbnail":{"url":"https://assets.nicepagecdn.com/9e1438a0/6487668/images/thumbnails/ChatGPTImageApr7202512_59_37PM.png","width":150,"height":150},"usages":["7718774"]},{"id":"user-image-ChatGPTImageApr7202512_36_01PM.png","fileName":"ChatGPTImageApr7202512_36_01PM.png","name":"ChatGPTImageApr7202512_36_01PM","publicUrl":"https://assets.nicepagecdn.com/9e1438a0/6487668/images/ChatGPTImageApr7202512_36_01PM.png","size":1881956,"hash":"o0gJSVHmYo65y0WeZbrYoHJOaK0=","width":1024,"height":1024,"folderId":null,"thumbnail":{"url":"https://assets.nicepagecdn.com/9e1438a0/6487668/images/thumbnails/ChatGPTImageApr7202512_36_01PM.png","width":150,"height":150},"usages":["7718774"]},{"id":"user-image-ChatGPTImageApr7202512_58_21PM.png","fileName":"ChatGPTImageApr7202512_58_21PM.png","name":"ChatGPTImageApr7202512_58_21PM","publicUrl":"https://assets.nicepagecdn.com/9e1438a0/6487668/images/ChatGPTImageApr7202512_58_21PM.png","size":1976563,"hash":"Q+OvRPX6uMt0w+IXjprGUpth5ts=","width":1024,"height":1024,"folderId":null,"thumbnail":{"url":"https://assets.nicepagecdn.com/9e1438a0/6487668/images/thumbnails/ChatGPTImageApr7202512_58_21PM.png","width":150,"height":150},"usages":["7718774"]},{"id":"user-image-photo-1553743941-ca56ef6f460f.jpeg","fileName":"photo-1553743941-ca56ef6f460f.jpeg","name":"photo-1553743941-ca56ef6f460f","publicUrl":"https://assets.nicepagecdn.com/9e1438a0/6487668/images/photo-1553743941-ca56ef6f460f.jpeg","size":224218,"hash":"/xBKTXuLXLm2l2q8LXuL3DXF8cs=","width":1080,"height":1620,"folderId":null,"thumbnail":{"url":"https://assets.nicepagecdn.com/9e1438a0/6487668/images/thumbnails/photo-1553743941-ca56ef6f460f.jpeg","width":100,"height":150},"originalUrl":"https://images.unsplash.com/photo-1553743941-ca56ef6f460f?crop=entropy&cs=tinysrgb&fit=max&fm=jpg&ixid=M3w1NzgzNjl8MHwxfGNvbGxlY3Rpb258MTJ8MjI5ODQzNHx8fHx8Mnx8MTc0NDAxOTA5M3w&ixlib=rb-4.0.3&q=80&w=1080","usages":["7718774"]},{"id":"user-image-photo-1562725380-6beba318f14a.jpeg","fileName":"photo-1562725380-6beba318f14a.jpeg","name":"photo-1562725380-6beba318f14a","publicUrl":"https://assets.nicepagecdn.com/9e1438a0/6487668/images/photo-1562725380-6beba318f14a.jpeg","size":274454,"hash":"91/JbJrT1Ik664rc6dy088C9CpA=","width":1080,"height":1620,"folderId":null,"thumbnail":{"url":"https://assets.nicepagecdn.com/9e1438a0/6487668/images/thumbnails/photo-1562725380-6beba318f14a.jpeg","width":100,"height":150},"originalUrl":"https://images.unsplash.com/photo-1562725380-6beba318f14a?crop=entropy&cs=tinysrgb&fit=max&fm=jpg&ixid=M3w1NzgzNjl8MHwxfGNvbGxlY3Rpb258NnwyMjk4NDM0fHx8fHwyfHwxNzQ0MDE5MDkzfA&ixlib=rb-4.0.3&q=80&w=1080","usages":["7718774"]},{"id":"user-image-photo-1562401603-4342ab3c4e50.jpeg","fileName":"photo-1562401603-4342ab3c4e50.jpeg","name":"photo-1562401603-4342ab3c4e50","publicUrl":"https://assets.nicepagecdn.com/9e1438a0/6487668/images/photo-1562401603-4342ab3c4e50.jpeg","size":371000,"hash":"6IaMVH3SwX1yjm+W9mnutCIV6hU=","width":1080,"height":1373,"folderId":null,"thumbnail":{"url":"https://assets.nicepagecdn.com/9e1438a0/6487668/images/thumbnails/photo-1562401603-4342ab3c4e50.jpeg","width":118,"height":150},"originalUrl":"https://images.unsplash.com/photo-1562401603-4342ab3c4e50?crop=entropy&cs=tinysrgb&fit=max&fm=jpg&ixid=M3w1NzgzNjl8MHwxfGNvbGxlY3Rpb258MTB8MjI5ODQzNHx8fHx8Mnx8MTc0NDAxOTA5M3w&ixlib=rb-4.0.3&q=80&w=1080","usages":["7718774"]},{"id":"user-image-photo-1563316604-7ddb572938b5.jpeg","fileName":"photo-1563316604-7ddb572938b5.jpeg","name":"photo-1563316604-7ddb572938b5","publicUrl":"https://assets.nicepagecdn.com/9e1438a0/6487668/images/photo-1563316604-7ddb572938b5.jpeg","size":410162,"hash":"WoXTVsM0F3Lu7y8Bs9PdoUyk0jw=","width":1080,"height":1620,"folderId":null,"thumbnail":{"url":"https://assets.nicepagecdn.com/9e1438a0/6487668/images/thumbnails/photo-1563316604-7ddb572938b5.jpeg","width":100,"height":150},"originalUrl":"https://images.unsplash.com/photo-1563316604-7ddb572938b5?crop=entropy&cs=tinysrgb&fit=max&fm=jpg&ixid=M3w1NzgzNjl8MHwxfGNvbGxlY3Rpb258N3wyMjk4NDM0fHx8fHwyfHwxNzQ0MDE5MDkzfA&ixlib=rb-4.0.3&q=80&w=1080","usages":["7718774"]},{"id":"user-image-photo-1512390225428-a9d51c817f94.jpeg","fileName":"photo-1512390225428-a9d51c817f94.jpeg","name":"photo-1512390225428-a9d51c817f94","publicUrl":"https://assets.nicepagecdn.com/9e1438a0/6487668/images/photo-1512390225428-a9d51c817f94.jpeg","size":201288,"hash":"fK5AodCQO+eC2rAGxd3hY7SkMkE=","width":1080,"height":1620,"folderId":null,"thumbnail":{"url":"https://assets.nicepagecdn.com/9e1438a0/6487668/images/thumbnails/photo-1512390225428-a9d51c817f94.jpeg","width":100,"height":150},"originalUrl":"https://images.unsplash.com/photo-1512390225428-a9d51c817f94?crop=entropy&cs=tinysrgb&fit=max&fm=jpg&ixid=M3w1NzgzNjl8MHwxfGNvbGxlY3Rpb258MjB8MjI5ODQzNHx8fHx8Mnx8MTc0NDAxOTA5M3w&ixlib=rb-4.0.3&q=80&w=1080","usages":[]},{"id":"user-image-photo-1495121553079-4c61bcce1894.jpeg","fileName":"photo-1495121553079-4c61bcce1894.jpeg","name":"photo-1495121553079-4c61bcce1894","publicUrl":"https://assets.nicepagecdn.com/9e1438a0/6487668/images/photo-1495121553079-4c61bcce1894.jpeg","size":86373,"hash":"4g9p2AnnVoS8hUGbAAD8iE0iUe8=","width":1080,"height":1646,"folderId":null,"thumbnail":{"url":"https://assets.nicepagecdn.com/9e1438a0/6487668/images/thumbnails/photo-1495121553079-4c61bcce1894.jpeg","width":98,"height":150},"originalUrl":"https://images.unsplash.com/photo-1495121553079-4c61bcce1894?crop=entropy&cs=tinysrgb&fit=max&fm=jpg&ixid=M3w1NzgzNjl8MHwxfGNvbGxlY3Rpb258MTd8MjI5ODQzNHx8fHx8Mnx8MTc0NDAxOTA5M3w&ixlib=rb-4.0.3&q=80&w=1080","usages":["7718774"]},{"id":"user-image-photo-1495129532087-1456841824ed.jpeg","fileName":"photo-1495129532087-1456841824ed.jpeg","name":"photo-1495129532087-1456841824ed","publicUrl":"https://assets.nicepagecdn.com/9e1438a0/6487668/images/photo-1495129532087-1456841824ed.jpeg","size":110665,"hash":"kAUDguaYq0UOnrzvWzsk3+jfIXw=","width":1080,"height":1663,"folderId":null,"thumbnail":{"url":"https://assets.nicepagecdn.com/9e1438a0/6487668/images/thumbnails/photo-1495129532087-1456841824ed.jpeg","width":97,"height":150},"originalUrl":"https://images.unsplash.com/photo-1495129532087-1456841824ed?crop=entropy&cs=tinysrgb&fit=max&fm=jpg&ixid=M3w1NzgzNjl8MHwxfGNvbGxlY3Rpb258MTh8MjI5ODQzNHx8fHx8Mnx8MTc0NDAxOTA5M3w&ixlib=rb-4.0.3&q=80&w=1080","usages":[]},{"id":"user-image-photo-1603440706657-3ca614a801f4.jpeg","fileName":"photo-1603440706657-3ca614a801f4.jpeg","name":"photo-1603440706657-3ca614a801f4","publicUrl":"https://assets.nicepagecdn.com/9e1438a0/6487668/images/photo-1603440706657-3ca614a801f4.jpeg","size":171746,"hash":"faf1NOL5gsiqDFFujtloMlhhVWA=","width":1080,"height":1620,"folderId":null,"thumbnail":{"url":"https://assets.nicepagecdn.com/9e1438a0/6487668/images/thumbnails/photo-1603440706657-3ca614a801f4.jpeg","width":100,"height":150},"originalUrl":"https://images.unsplash.com/photo-1603440706657-3ca614a801f4?crop=entropy&cs=tinysrgb&fit=max&fm=jpg&ixid=M3w1NzgzNjl8MHwxfGNvbGxlY3Rpb258MXwyMjk4NDM0fHx8fHwyfHwxNzQ0MDE5MDkzfA&ixlib=rb-4.0.3&q=80&w=1080","usages":[]},{"id":"user-image-photo-1597613261732-344e083d25e5.jpeg","fileName":"photo-1597613261732-344e083d25e5.jpeg","name":"photo-1597613261732-344e083d25e5","publicUrl":"https://assets.nicepagecdn.com/9e1438a0/6487668/images/photo-1597613261732-344e083d25e5.jpeg","size":436342,"hash":"8t0C/DqVVnrfiCVGHdlQIarmNB4=","width":1080,"height":1620,"folderId":null,"thumbnail":{"url":"https://assets.nicepagecdn.com/9e1438a0/6487668/images/thumbnails/photo-1597613261732-344e083d25e5.jpeg","width":100,"height":150},"originalUrl":"https://images.unsplash.com/photo-1597613261732-344e083d25e5?crop=entropy&cs=tinysrgb&fit=max&fm=jpg&ixid=M3w1NzgzNjl8MHwxfGNvbGxlY3Rpb258MnwyMjk4NDM0fHx8fHwyfHwxNzQ0MDE5MDkzfA&ixlib=rb-4.0.3&q=80&w=1080","usages":[]},{"id":"user-image-photo-1555851457-ac7a2e726e8d.jpeg","fileName":"photo-1555851457-ac7a2e726e8d.jpeg","name":"photo-1555851457-ac7a2e726e8d","publicUrl":"https://assets.nicepagecdn.com/9e1438a0/6487668/images/photo-1555851457-ac7a2e726e8d.jpeg","size":221553,"hash":"ZR6LmxhIgCY/oT11k7sFwHw9tDY=","width":1080,"height":1617,"folderId":null,"thumbnail":{"url":"https://assets.nicepagecdn.com/9e1438a0/6487668/images/thumbnails/photo-1555851457-ac7a2e726e8d.jpeg","width":100,"height":150},"originalUrl":"https://images.unsplash.com/photo-1555851457-ac7a2e726e8d?crop=entropy&cs=tinysrgb&fit=max&fm=jpg&ixid=M3w1NzgzNjl8MHwxfGNvbGxlY3Rpb258MTF8MjI5ODQzNHx8fHx8Mnx8MTc0NDAxOTA5M3w&ixlib=rb-4.0.3&q=80&w=1080","usages":[]},{"id":"user-image-photo-1551242032-0846083c870a.jpeg","fileName":"photo-1551242032-0846083c870a.jpeg","name":"photo-1551242032-0846083c870a","publicUrl":"https://assets.nicepagecdn.com/9e1438a0/6487668/images/photo-1551242032-0846083c870a.jpeg","size":150343,"hash":"OWzyc6UB69OdoaRo73zSuePR2aY=","width":1080,"height":1618,"folderId":null,"thumbnail":{"url":"https://assets.nicepagecdn.com/9e1438a0/6487668/images/thumbnails/photo-1551242032-0846083c870a.jpeg","width":100,"height":150},"originalUrl":"https://images.unsplash.com/photo-1551242032-0846083c870a?crop=entropy&cs=tinysrgb&fit=max&fm=jpg&ixid=M3w1NzgzNjl8MHwxfGNvbGxlY3Rpb258MTN8MjI5ODQzNHx8fHx8Mnx8MTc0NDAxOTA5M3w&ixlib=rb-4.0.3&q=80&w=1080","usages":["7718774"]},{"id":"user-image-photo-1544743744-48719693e9d9.jpeg","fileName":"photo-1544743744-48719693e9d9.jpeg","name":"photo-1544743744-48719693e9d9","publicUrl":"https://assets.nicepagecdn.com/9e1438a0/6487668/images/photo-1544743744-48719693e9d9.jpeg","size":86211,"hash":"hjhSDl8dDOHp2sk/78uqVIu7hCU=","width":1080,"height":1080,"folderId":null,"thumbnail":{"url":"https://assets.nicepagecdn.com/9e1438a0/6487668/images/thumbnails/photo-1544743744-48719693e9d9.jpeg","width":150,"height":150},"originalUrl":"https://images.unsplash.com/photo-1544743744-48719693e9d9?crop=entropy&cs=tinysrgb&fit=max&fm=jpg&ixid=M3w1NzgzNjl8MHwxfGNvbGxlY3Rpb258MTZ8MjI5ODQzNHx8fHx8Mnx8MTc0NDAxOTA5M3w&ixlib=rb-4.0.3&q=80&w=1080","usages":["7718774"]},{"id":"user-image-photo-1541110945064-e14df4ce0c00.jpeg","fileName":"photo-1541110945064-e14df4ce0c00.jpeg","name":"photo-1541110945064-e14df4ce0c00","publicUrl":"https://assets.nicepagecdn.com/9e1438a0/6487668/images/photo-1541110945064-e14df4ce0c00.jpeg","size":149439,"hash":"uFGzNF+xyHL4GUFfgHGDUJ/b5qY=","width":1080,"height":906,"folderId":null,"thumbnail":{"url":"https://assets.nicepagecdn.com/9e1438a0/6487668/images/thumbnails/photo-1541110945064-e14df4ce0c00.jpeg","width":150,"height":126},"originalUrl":"https://images.unsplash.com/photo-1541110945064-e14df4ce0c00?crop=entropy&cs=tinysrgb&fit=max&fm=jpg&ixid=M3w1NzgzNjl8MHwxfGNvbGxlY3Rpb258MTl8MjI5ODQzNHx8fHx8Mnx8MTc0NDAxOTA5M3w&ixlib=rb-4.0.3&q=80&w=1080","usages":["7718774"]},{"id":"user-image-photo-1570029932556-4aaa5981a58f.jpeg","fileName":"photo-1570029932556-4aaa5981a58f.jpeg","name":"photo-1570029932556-4aaa5981a58f","publicUrl":"https://assets.nicepagecdn.com/9e1438a0/6487668/images/photo-1570029932556-4aaa5981a58f.jpeg","size":110265,"hash":"3lMHwROEEazQBzpjV9myJMyYN6Q=","width":1080,"height":725,"folderId":null,"thumbnail":{"url":"https://assets.nicepagecdn.com/9e1438a0/6487668/images/thumbnails/photo-1570029932556-4aaa5981a58f.jpeg","width":150,"height":101},"originalUrl":"https://images.unsplash.com/photo-1570029932556-4aaa5981a58f?crop=entropy&cs=tinysrgb&fit=max&fm=jpg&ixid=M3w1NzgzNjl8MHwxfGNvbGxlY3Rpb258NXwyMjk4NDM0fHx8fHwyfHwxNzQ0MDE5MDkzfA&ixlib=rb-4.0.3&q=80&w=1080","usages":["7718774"]},{"id":"user-image-photo-1547817796-843536cc0e34.jpeg","fileName":"photo-1547817796-843536cc0e34.jpeg","name":"photo-1547817796-843536cc0e34","publicUrl":"https://assets.nicepagecdn.com/9e1438a0/6487668/images/photo-1547817796-843536cc0e34.jpeg","size":165957,"hash":"vimgZdUT/wMVfXhZvSLwBLcJhUE=","width":1080,"height":827,"folderId":null,"thumbnail":{"url":"https://assets.nicepagecdn.com/9e1438a0/6487668/images/thumbnails/photo-1547817796-843536cc0e34.jpeg","width":150,"height":115},"originalUrl":"https://images.unsplash.com/photo-1547817796-843536cc0e34?crop=entropy&cs=tinysrgb&fit=max&fm=jpg&ixid=M3w1NzgzNjl8MHwxfGNvbGxlY3Rpb258MTV8MjI5ODQzNHx8fHx8Mnx8MTc0NDAxOTA5M3w&ixlib=rb-4.0.3&q=80&w=1080","usages":["7718774"]},{"id":"user-image-photo-1569467845129-12a78d2044fe.jpeg","fileName":"photo-1569467845129-12a78d2044fe.jpeg","name":"photo-1569467845129-12a78d2044fe","publicUrl":"https://assets.nicepagecdn.com/9e1438a0/6487668/images/photo-1569467845129-12a78d2044fe.jpeg","size":82521,"hash":"zTggMKBGJB6QCIi/nX+KNzCmJ3k=","width":1080,"height":720,"folderId":null,"thumbnail":{"url":"https://assets.nicepagecdn.com/9e1438a0/6487668/images/thumbnails/photo-1569467845129-12a78d2044fe.jpeg","width":150,"height":100},"originalUrl":"https://images.unsplash.com/photo-1569467845129-12a78d2044fe?crop=entropy&cs=tinysrgb&fit=max&fm=jpg&ixid=M3w1NzgzNjl8MHwxfGNvbGxlY3Rpb258NHwyMjk4NDM0fHx8fHwyfHwxNzQ0MDE5MDkzfA&ixlib=rb-4.0.3&q=80&w=1080","usages":["7718774"]}]