[{"id":1994030576,"title":"Blog Template","order":1,"templateKey":"blog","customTemplate":false,"customTemplateFilename":null,"pageLinks":[],"dateCreated":"2025-04-07T09:45:55.735Z","dateUpdated":"2025-04-07T09:46:01.946Z","folderId":null,"pageName":"Blog Template","sectionCount":1,"status":2},{"id":54698016,"title":"Post Template","order":2,"templateKey":"post","customTemplate":false,"customTemplateFilename":null,"pageLinks":[],"dateCreated":"2025-04-07T09:45:55.839Z","dateUpdated":"2025-04-07T09:46:01.946Z","folderId":null,"pageName":"Post Template","sectionCount":1,"status":2},{"id":948227195,"title":"Product List Template","order":3,"templateKey":"products","customTemplate":false,"customTemplateFilename":null,"pageLinks":[],"dateCreated":"2025-04-07T09:45:56.028Z","dateUpdated":"2025-04-07T09:46:01.946Z","folderId":null,"pageName":"Product List Template","sectionCount":1,"status":2},{"id":1891929433,"title":"Product Details Template","order":4,"templateKey":"product","customTemplate":false,"customTemplateFilename":null,"pageLinks":[],"dateCreated":"2025-04-07T09:45:56.155Z","dateUpdated":"2025-04-07T09:46:01.946Z","folderId":null,"pageName":"Product Details Template","sectionCount":1,"status":2},{"id":696005795,"title":"Shopping Cart Template","order":5,"templateKey":"cart","customTemplate":false,"customTemplateFilename":null,"pageLinks":[],"dateCreated":"2025-04-07T09:45:56.264Z","dateUpdated":"2025-04-07T09:46:01.946Z","folderId":null,"pageName":"Shopping Cart Template","sectionCount":1,"status":2},{"id":593630818,"title":"Login Template","order":7,"templateKey":"login","customTemplate":false,"customTemplateFilename":null,"pageLinks":[],"dateCreated":"2025-04-07T09:45:56.390Z","dateUpdated":"2025-04-07T09:46:01.946Z","folderId":null,"pageName":"Login Template","sectionCount":1,"status":2},{"id":88108269,"title":"Search Template","order":8,"templateKey":"Search","customTemplate":false,"customTemplateFilename":null,"pageLinks":[],"dateCreated":"2025-04-07T09:45:56.455Z","dateUpdated":"2025-04-07T09:46:01.946Z","folderId":null,"pageName":"Search Template","sectionCount":1,"status":2},{"id":55935865,"title":"Password Template","order":9,"templateKey":"password","customTemplate":false,"customTemplateFilename":null,"pageLinks":[],"dateCreated":"2025-04-07T09:45:56.532Z","dateUpdated":"2025-04-07T09:46:01.946Z","folderId":null,"pageName":"Password Template","sectionCount":1,"status":2},{"id":28497719,"title":"404 Not Found Template","order":10,"templateKey":"404","customTemplate":false,"customTemplateFilename":null,"pageLinks":[],"dateCreated":"2025-04-07T09:45:56.596Z","dateUpdated":"2025-04-07T09:46:01.946Z","folderId":null,"pageName":"404 Not Found Template","sectionCount":1,"status":2},{"id":301099174,"title":"Thank You Template","order":11,"templateKey":"ThankYou","customTemplate":false,"customTemplateFilename":null,"pageLinks":[],"dateCreated":"2025-04-07T09:45:56.653Z","dateUpdated":"2025-04-07T09:46:01.946Z","folderId":null,"pageName":"Thank You Template","sectionCount":1,"status":2},{"id":7718774,"title":"Page 1","order":50,"templateKey":null,"customTemplate":false,"customTemplateFilename":null,"pageLinks":[],"dateCreated":"2025-04-07T09:50:34.398Z","dateUpdated":"2025-04-07T10:00:56.155Z","folderId":null,"pageName":"Page 1_7718774","sectionCount":12,"status":2},{"id":256124641,"title":"About","order":100,"templateKey":null,"customTemplate":false,"customTemplateFilename":null,"pageLinks":[],"dateCreated":"2025-04-07T09:45:56.872Z","dateUpdated":"2025-04-07T09:46:01.947Z","folderId":null,"pageName":"About_256124641","sectionCount":1,"status":2},{"id":238503526,"title":"Contact","order":101,"templateKey":null,"customTemplate":false,"customTemplateFilename":null,"pageLinks":[],"dateCreated":"2025-04-07T09:45:56.911Z","dateUpdated":"2025-04-07T09:46:01.947Z","folderId":null,"pageName":"Contact_238503526","sectionCount":1,"status":2}]